{
  "xgboost": {
    "model_type": "xgboost",
    "train_metrics": {
      "mape": 1.269905874346638,
      "correlation": 0.9918388818220039,
      "rmape": 1.2803550028345594,
      "mae": 193.588295386707,
      "rmse": 258.6827479060696,
      "r2": 0.9831963533462205
    },
    "training_time": 2.52515,
    "hyperparameters": {
      "objective": "reg:squarederror",
      "base_score": null,
      "booster": null,
      "callbacks": null,
      "colsample_bylevel": null,
      "colsample_bynode": null,
      "colsample_bytree": 0.8,
      "device": null,
      "early_stopping_rounds": null,
      "enable_categorical": false,
      "eval_metric": null,
      "feature_types": null,
      "gamma": 0.1,
      "grow_policy": null,
      "importance_type": null,
      "interaction_constraints": null,
      "learning_rate": 0.05,
      "max_bin": null,
      "max_cat_threshold": null,
      "max_cat_to_onehot": null,
      "max_delta_step": null,
      "max_depth": 6,
      "max_leaves": null,
      "min_child_weight": 3,
      "missing": NaN,
      "monotone_constraints": null,
      "multi_strategy": null,
      "n_estimators": 300,
      "n_jobs": -1,
      "num_parallel_tree": null,
      "random_state": 42,
      "reg_alpha": 0.1,
      "reg_lambda": 1.0,
      "sampling_method": null,
      "scale_pos_weight": null,
      "subsample": 0.8,
      "tree_method": "hist",
      "validate_parameters": null,
      "verbosity": null
    },
    "n_features": 48,
    "n_train_samples": 1999,
    "val_metrics": {
      "mape": 3.677607657376046,
      "correlation": 0.8796251161700226,
      "rmape": 4.180880684022217,
      "mae": 621.9147255468753,
      "rmse": 788.7514121535379,
      "r2": 0.7689451052184839
    },
    "cv_results": {
      "mean_rmape": 6.837443637978338,
      "std_rmape": 3.141723091502035,
      "mean_mape": 5.512668381154601,
      "std_mape": 2.3962986164943714,
      "all_rmapes": [
        11.022782416326585,
        6.036223225092657,
        3.4533252725157744
      ],
      "all_mapes": [
        8.707184856500163,
        4.895037090680899,
        2.9357831962827428
      ]
    }
  },
  "lightgbm": {
    "model_type": "lightgbm",
    "train_metrics": {
      "mape": 2.1930756445236685,
      "correlation": 0.9738514275810839,
      "rmape": 2.2519612154504656,
      "mae": 331.43782424677045,
      "rmse": 457.4023952485354,
      "r2": 0.9474629747753512
    },
    "training_time": 0.265655,
    "hyperparameters": {
      "boosting_type": "gbdt",
      "class_weight": null,
      "colsample_bytree": 0.8,
      "importance_type": "split",
      "learning_rate": 0.05,
      "max_depth": 6,
      "min_child_samples": 20,
      "min_child_weight": 0.001,
      "min_split_gain": 0.0,
      "n_estimators": 300,
      "n_jobs": -1,
      "num_leaves": 31,
      "objective": null,
      "random_state": 42,
      "reg_alpha": 0.1,
      "reg_lambda": 1.0,
      "subsample": 0.8,
      "subsample_for_bin": 200000,
      "subsample_freq": 0,
      "verbose": -1,
      "force_col_wise": true
    },
    "n_features": 48,
    "n_train_samples": 1999,
    "val_metrics": {
      "mape": 3.454263265848829,
      "correlation": 0.8852933134824263,
      "rmape": 3.901829160169522,
      "mae": 584.4970457802164,
      "rmse": 765.8849335307877,
      "r2": 0.7821478120569976
    },
    "cv_results": {
      "mean_rmape": 6.84330381385373,
      "std_rmape": 3.527355652782628,
      "mean_mape": 5.478382134454698,
      "std_mape": 2.5784404396916347,
      "all_rmapes": [
        11.610537603663538,
        5.731877292595026,
        3.187496545302627
      ],
      "all_mapes": [
        8.94175178435555,
        4.734794294959157,
        2.7586003240493895
      ]
    }
  },
  "randomforest": {
    "model_type": "randomforest",
    "train_metrics": {
      "mape": 2.0401726795699124,
      "correlation": 0.9762490265016923,
      "rmape": 2.089807645576562,
      "mae": 302.3118245398163,
      "rmse": 444.3640427319099,
      "r2": 0.9504154441114571
    },
    "training_time": 0.67508,
    "hyperparameters": {
      "bootstrap": true,
      "ccp_alpha": 0.0,
      "criterion": "squared_error",
      "max_depth": 15,
      "max_features": "sqrt",
      "max_leaf_nodes": null,
      "max_samples": null,
      "min_impurity_decrease": 0.0,
      "min_samples_leaf": 2,
      "min_samples_split": 5,
      "min_weight_fraction_leaf": 0.0,
      "monotonic_cst": null,
      "n_estimators": 200,
      "n_jobs": -1,
      "oob_score": false,
      "random_state": 42,
      "verbose": 0,
      "warm_start": false
    },
    "n_features": 48,
    "n_train_samples": 1999,
    "val_metrics": {
      "mape": 3.6342868772362094,
      "correlation": 0.8773077521706567,
      "rmape": 4.142545039918052,
      "mae": 614.9765456354882,
      "rmse": 793.5692585300527,
      "r2": 0.7661138284657701
    },
    "cv_results": {
      "mean_rmape": 6.959336182457586,
      "std_rmape": 3.31309138706654,
      "mean_mape": 5.730890659074139,
      "std_mape": 2.6085661335609576,
      "all_rmapes": [
        11.432355311794248,
        5.930691142486853,
        3.514962093091657
      ],
      "all_mapes": [
        9.2382002264235,
        4.96769567207294,
        2.9867760787259763
      ]
    }
  }
}