{
  "xgboost": {
    "model_type": "xgboost",
    "train_metrics": {
      "mape": 1.2941249564498802,
      "correlation": 0.9921193966290388,
      "rmape": 1.3044044505600607,
      "mae": 198.89618715256907,
      "rmse": 264.50632084203306,
      "r2": 0.983850102920093
    },
    "training_time": 2.739447,
    "hyperparameters": {
      "objective": "reg:squarederror",
      "base_score": null,
      "booster": null,
      "callbacks": null,
      "colsample_bylevel": null,
      "colsample_bynode": null,
      "colsample_bytree": 0.8,
      "device": null,
      "early_stopping_rounds": null,
      "enable_categorical": false,
      "eval_metric": null,
      "feature_types": null,
      "gamma": 0.1,
      "grow_policy": null,
      "importance_type": null,
      "interaction_constraints": null,
      "learning_rate": 0.05,
      "max_bin": null,
      "max_cat_threshold": null,
      "max_cat_to_onehot": null,
      "max_delta_step": null,
      "max_depth": 6,
      "max_leaves": null,
      "min_child_weight": 3,
      "missing": NaN,
      "monotone_constraints": null,
      "multi_strategy": null,
      "n_estimators": 300,
      "n_jobs": -1,
      "num_parallel_tree": null,
      "random_state": 42,
      "reg_alpha": 0.1,
      "reg_lambda": 1.0,
      "sampling_method": null,
      "scale_pos_weight": null,
      "subsample": 0.8,
      "tree_method": "hist",
      "validate_parameters": null,
      "verbosity": null
    },
    "n_features": 48,
    "n_train_samples": 2080,
    "val_metrics": {
      "mape": 3.4550943562451755,
      "correlation": 0.8489501199308666,
      "rmape": 4.069843769533288,
      "mae": 569.7138928292948,
      "rmse": 725.9938288388096,
      "r2": 0.7116261524316918
    },
    "cv_results": {
      "mean_rmape": 6.820984846689026,
      "std_rmape": 3.1726409293027107,
      "mean_mape": 5.512915494161379,
      "std_mape": 2.32831275950031,
      "all_rmapes": [
        11.204513310405902,
        5.458065808620189,
        3.800375421040986
      ],
      "all_mapes": [
        8.733115423893171,
        4.498042182339888,
        3.3075888762510774
      ]
    }
  },
  "lightgbm": {
    "model_type": "lightgbm",
    "train_metrics": {
      "mape": 2.2895575525770315,
      "correlation": 0.9737011563046294,
      "rmape": 2.351396563260039,
      "mae": 348.0922159000302,
      "rmse": 477.63539418697644,
      "r2": 0.9473388118887909
    },
    "training_time": 0.306742,
    "hyperparameters": {
      "boosting_type": "gbdt",
      "class_weight": null,
      "colsample_bytree": 0.8,
      "importance_type": "split",
      "learning_rate": 0.05,
      "max_depth": 6,
      "min_child_samples": 20,
      "min_child_weight": 0.001,
      "min_split_gain": 0.0,
      "n_estimators": 300,
      "n_jobs": -1,
      "num_leaves": 31,
      "objective": null,
      "random_state": 42,
      "reg_alpha": 0.1,
      "reg_lambda": 1.0,
      "subsample": 0.8,
      "subsample_for_bin": 200000,
      "subsample_freq": 0,
      "verbose": -1,
      "force_col_wise": true
    },
    "n_features": 48,
    "n_train_samples": 2080,
    "val_metrics": {
      "mape": 3.263791431589137,
      "correlation": 0.8576408061564905,
      "rmape": 3.805545874403748,
      "mae": 534.8095408061565,
      "rmse": 703.2951677508839,
      "r2": 0.7293766407302098
    },
    "cv_results": {
      "mean_rmape": 6.872643365441998,
      "std_rmape": 3.494519152123805,
      "mean_mape": 5.505919107372033,
      "std_mape": 2.475949255335236,
      "all_rmapes": [
        11.740818403364598,
        5.175542960988529,
        3.7015687319728645
      ],
      "all_mapes": [
        8.9519263703809,
        4.320746796971402,
        3.2450841547637936
      ]
    }
  },
  "randomforest": {
    "model_type": "randomforest",
    "train_metrics": {
      "mape": 2.027164414673809,
      "correlation": 0.9784688728301401,
      "rmape": 2.0717720010963703,
      "mae": 302.66520532937795,
      "rmse": 440.6184584949315,
      "r2": 0.9551850389719929
    },
    "training_time": 0.683172,
    "hyperparameters": {
      "bootstrap": true,
      "ccp_alpha": 0.0,
      "criterion": "squared_error",
      "max_depth": 15,
      "max_features": "sqrt",
      "max_leaf_nodes": null,
      "max_samples": null,
      "min_impurity_decrease": 0.0,
      "min_samples_leaf": 2,
      "min_samples_split": 5,
      "min_weight_fraction_leaf": 0.0,
      "monotonic_cst": null,
      "n_estimators": 200,
      "n_jobs": -1,
      "oob_score": false,
      "random_state": 42,
      "verbose": 0,
      "warm_start": false
    },
    "n_features": 48,
    "n_train_samples": 2080,
    "val_metrics": {
      "mape": 3.397471399318593,
      "correlation": 0.8488615304398172,
      "rmape": 4.002385875065248,
      "mae": 556.3915903085436,
      "rmse": 717.2071037014591,
      "r2": 0.7185643051623545
    },
    "cv_results": {
      "mean_rmape": 7.232899750210852,
      "std_rmape": 3.122248648212781,
      "mean_mape": 5.951722676272201,
      "std_mape": 2.417449373988027,
      "all_rmapes": [
        11.517268176169557,
        6.015807600156008,
        4.1656234743069955
      ],
      "all_mapes": [
        9.264216499311653,
        5.028026594345048,
        3.562924935159902
      ]
    }
  }
}